{"products":[{"id":"0.3178706416176489","qty":3}],"totalPrice":90.30000000000001}